ID,Chromosome,start,rsIDs,Reference,Alternate,Source,Filters - exomes,Filters - genomes,Transcript,HGVS Consequence,Protein Consequence,Transcript Consequence,VEP Annotation,ClinVar Clinical Significance,ClinVar Variation ID,Flags,Allele Count,Allele Number,Allele Frequency,Homozygote Count,Hemizygote Count,Allele Count African/African American,Allele Number African/African American,Homozygote Count African/African American,Hemizygote Count African/African American,Allele Count Latino/Admixed American,Allele Number Latino/Admixed American,Homozygote Count Latino/Admixed American,Hemizygote Count Latino/Admixed American,Allele Count Ashkenazi Jewish,Allele Number Ashkenazi Jewish,Homozygote Count Ashkenazi Jewish,Hemizygote Count Ashkenazi Jewish,Allele Count East Asian,Allele Number East Asian,Homozygote Count East Asian,Hemizygote Count East Asian,Allele Count European (Finnish),Allele Number European (Finnish),Homozygote Count European (Finnish),Hemizygote Count European (Finnish),Allele Count European (non-Finnish),Allele Number European (non-Finnish),Homozygote Count European (non-Finnish),Hemizygote Count European (non-Finnish),Allele Count Other,Allele Number Other,Homozygote Count Other,Hemizygote Count Other,Allele Count South Asian,Allele Number South Asian,Homozygote Count South Asian,Hemizygote Count South Asian,stop
1,3,11058901,rs1297686453,G,A,gnomAD Exomes,PASS,NA,ENST00000287766.4,p.Ala2Thr,p.Ala2Thr,c.4G>A,missense_variant,NA,NA,NA,1,250490,3.99217533634e-6,0,0,0,16098,0,0,0,34534,0,0,0,10050,0,0,0,18356,0,0,0,21590,0,0,1,113158,0,0,0,6110,0,0,0,30594,0,0,11058901
2,3,11058910,rs551940721,G,C,gnomAD Exomes,PASS,NA,ENST00000287766.4,p.Gly5Arg,p.Gly5Arg,c.13G>C,missense_variant,NA,NA,NA,1,250678,3.9891813402e-6,0,0,0,16150,0,0,0,34540,0,0,0,10046,0,0,0,18366,0,0,0,21620,0,0,1,113244,0,0,0,6110,0,0,0,30602,0,0,11058910
3,3,11058910,rs551940721,G,A,"gnomAD Exomes,gnomAD Genomes",PASS,PASS,ENST00000287766.4,p.Gly5Ser,p.Gly5Ser,c.13G>A,missense_variant,Conflicting interpretations of pathogenicity,2054325,NA,4,282072,1.418077653932e-5,0,0,2,24864,0,0,1,35388,0,0,0,10336,0,0,0,19924,0,0,0,25094,0,0,1,128666,0,0,0,7198,0,0,0,30602,0,0,11058910
4,3,11058913,rs1216515269,A,G,gnomAD Genomes,NA,PASS,ENST00000287766.4,p.Ser6Gly,p.Ser6Gly,c.16A>G,missense_variant,NA,NA,NA,1,31398,3.184916236702e-5,0,0,0,8712,0,0,0,848,0,0,0,290,0,0,0,1558,0,0,0,3474,0,0,1,15428,0,0,0,1088,0,0,0,0,0,0,11058913
5,3,11058914,rs758058195,G,T,gnomAD Exomes,PASS,NA,ENST00000287766.4,p.Ser6Ile,p.Ser6Ile,c.17G>T,missense_variant,NA,NA,NA,1,250768,3.98774963312e-6,0,0,0,16158,0,0,0,34546,0,0,0,10052,0,0,0,18366,0,0,0,21620,0,0,0,113310,0,0,0,6112,0,0,1,30604,0,0,11058914
6,3,11058925,rs751108300,G,A,"gnomAD Exomes,gnomAD Genomes",PASS,PASS,ENST00000287766.4,p.Asp10Asn,p.Asp10Asn,c.28G>A,missense_variant,Conflicting interpretations of pathogenicity,1346718,NA,3,282300,1.06269925611e-5,0,0,0,24894,0,0,0,35404,0,0,0,10354,0,0,0,19930,0,0,0,25108,0,0,3,128796,0,0,0,7204,0,0,0,30610,0,0,11058925
7,3,11058928,rs1264567694,G,A,"gnomAD Exomes,gnomAD Genomes",PASS,PASS,ENST00000287766.4,p.Gly11Arg,p.Gly11Arg,c.31G>A,missense_variant,Uncertain significance,801934,NA,2,282324,7.08405944942e-6,0,0,0,24888,0,0,2,35412,0,0,0,10356,0,0,0,19928,0,0,0,25098,0,0,0,128822,0,0,0,7210,0,0,0,30610,0,0,11058928
8,3,11058935,rs781163448,T,C,gnomAD Exomes,PASS,NA,ENST00000287766.4,p.Ile13Thr,p.Ile13Thr,c.38T>C,missense_variant,Benign,854894,NA,3,251118,1.194657491697e-5,0,0,0,16202,0,0,0,34574,0,0,0,10072,0,0,0,18382,0,0,0,21634,0,0,0,113516,0,0,0,6128,0,0,3,30610,0,0,11058935
9,3,11058943,rs1385319298,G,A,"gnomAD Exomes,gnomAD Genomes",PASS,PASS,ENST00000287766.4,p.Glu16Lys,p.Glu16Lys,c.46G>A,missense_variant,Uncertain significance,2414868,NA,2,282594,7.07729109606e-6,0,0,0,24922,0,0,0,35430,0,0,0,10364,0,0,0,19940,0,0,0,25112,0,0,1,128994,0,0,1,7218,0,0,0,30614,0,0,11058943
10,3,11058949,rs935976612,A,G,gnomAD Genomes,NA,PASS,ENST00000287766.4,p.Ser18Gly,p.Ser18Gly,c.52A>G,missense_variant,Benign,475485,NA,1,31398,3.184916236702e-5,0,0,1,8714,0,0,0,848,0,0,0,290,0,0,0,1558,0,0,0,3476,0,0,0,15426,0,0,0,1086,0,0,0,0,0,0,11058949
11,3,11058950,rs755910025,G,A,gnomAD Exomes,PASS,NA,ENST00000287766.4,p.Ser18Asn,p.Ser18Asn,c.53G>A,missense_variant,NA,NA,NA,1,251284,3.97956097483e-6,0,0,1,16232,0,0,0,34586,0,0,0,10076,0,0,0,18382,0,0,0,21638,0,0,0,113622,0,0,0,6132,0,0,0,30616,0,0,11058950
12,3,11058953,rs777727228,A,G,gnomAD Exomes,PASS,NA,ENST00000287766.4,p.Glu19Gly,p.Glu19Gly,c.56A>G,missense_variant,NA,NA,NA,1,251310,3.97914925788e-6,0,0,0,16236,0,0,0,34586,0,0,0,10078,0,0,0,18384,0,0,0,21640,0,0,1,113638,0,0,0,6132,0,0,0,30616,0,0,11058953
13,3,11058954,rs1379281802,G,T,gnomAD Exomes,PASS,NA,ENST00000287766.4,p.Glu19Asp,p.Glu19Asp,c.57G>T,missense_variant,NA,NA,NA,1,251300,3.97930760047e-6,0,0,0,16232,0,0,0,34588,0,0,0,10076,0,0,0,18384,0,0,1,21642,0,0,0,113630,0,0,0,6132,0,0,0,30616,0,0,11058954
14,3,11058958,rs148916460,C,A,gnomAD Exomes,PASS,NA,ENST00000287766.4,p.Pro21Thr,p.Pro21Thr,c.61C>A,missense_variant,NA,NA,NA,3,251314,1.193725777314e-5,0,0,0,16240,0,0,0,34588,0,0,0,10078,0,0,0,18386,0,0,0,21642,0,0,3,113630,0,0,0,6134,0,0,0,30616,0,0,11058958
15,3,11058972,rs142007193,C,G,gnomAD Exomes,PASS,NA,ENST00000287766.4,p.Asp25Glu,p.Asp25Glu,c.75C>G,missense_variant,Uncertain significance,989274,NA,1,251368,3.97823111931e-6,0,0,0,16248,0,0,0,34590,0,0,0,10078,0,0,0,18392,0,0,0,21646,0,0,1,113662,0,0,0,6136,0,0,0,30616,0,0,11058972
16,3,11058976,rs1395387100,C,T,gnomAD Exomes,PASS,NA,ENST00000287766.4,p.Pro27Ser,p.Pro27Ser,c.79C>T,missense_variant,Uncertain significance,1518779,NA,2,251390,7.95576594136e-6,0,0,0,16250,0,0,0,34590,0,0,0,10078,0,0,1,18394,0,0,0,21644,0,0,1,113682,0,0,0,6136,0,0,0,30616,0,0,11058976
17,3,11058987,rs1271404941,G,C,gnomAD Genomes,NA,PASS,ENST00000287766.4,p.Leu30Phe,p.Leu30Phe,c.90G>C,missense_variant,Uncertain significance,1308869,NA,1,31384,3.186336986999e-5,0,0,0,8710,0,0,0,848,0,0,0,290,0,0,0,1558,0,0,0,3474,0,0,1,15416,0,0,0,1088,0,0,0,0,0,0,11058987
18,3,11058994,rs1334690406,A,G,gnomAD Exomes,PASS,NA,ENST00000287766.4,p.Lys33Glu,p.Lys33Glu,c.97A>G,missense_variant,Conflicting interpretations of pathogenicity,587970,NA,1,251430,3.97725012926e-6,0,0,0,16250,0,0,1,34590,0,0,0,10080,0,0,0,18392,0,0,0,21646,0,0,0,113720,0,0,0,6136,0,0,0,30616,0,0,11058994
19,3,11058997,rs772101722,G,T,gnomAD Exomes,PASS,NA,ENST00000287766.4,p.Val34Leu,p.Val34Leu,c.100G>T,missense_variant,NA,NA,NA,1,251432,3.97721849247e-6,0,0,0,16252,0,0,0,34588,0,0,0,10078,0,0,0,18392,0,0,0,21644,0,0,0,113726,0,0,0,6136,0,0,1,30616,0,0,11058997
20,3,11058998,rs1248231234,T,G,gnomAD Exomes,PASS,NA,ENST00000287766.4,p.Val34Gly,p.Val34Gly,c.101T>G,missense_variant,NA,NA,NA,1,251410,3.9775665248e-6,0,0,0,16250,0,0,0,34586,0,0,0,10080,0,0,0,18390,0,0,0,21644,0,0,1,113708,0,0,0,6136,0,0,0,30616,0,0,11058998
21,3,11059015,rs1353258550,G,A,gnomAD Exomes,PASS,NA,ENST00000287766.4,p.Asp40Asn,p.Asp40Asn,c.118G>A,missense_variant,NA,NA,NA,1,251440,3.97709195036e-6,0,0,0,16252,0,0,1,34590,0,0,0,10080,0,0,0,18390,0,0,0,21646,0,0,0,113730,0,0,0,6136,0,0,0,30616,0,0,11059015
22,3,11059024,rs764382700,G,C,gnomAD Genomes,NA,PASS,ENST00000287766.4,p.Asp43His,p.Asp43His,c.127G>C,missense_variant,NA,NA,NA,1,31378,3.186946268085e-5,0,0,0,8702,0,0,0,848,0,0,0,290,0,0,0,1560,0,0,0,3476,0,0,1,15414,0,0,0,1088,0,0,0,0,0,0,11059024
23,3,11059024,rs764382700,G,A,gnomAD Exomes,PASS,NA,ENST00000287766.4,p.Asp43Asn,p.Asp43Asn,c.127G>A,missense_variant,Likely benign,938729,NA,1,251444,3.97702868233e-6,0,0,0,16252,0,0,0,34590,0,0,0,10080,0,0,0,18388,0,0,0,21642,0,0,1,113740,0,0,0,6136,0,0,0,30616,0,0,11059024
24,3,11059026,rs371207948,C,A,"gnomAD Exomes,gnomAD Genomes",PASS,PASS,ENST00000287766.4,p.Asp43Glu,p.Asp43Glu,c.129C>A,missense_variant,Likely benign,1476956,NA,11,282830,3.889262100908e-5,0,0,0,24956,0,0,0,35438,0,0,0,10370,0,0,0,19950,0,0,0,25120,0,0,11,129154,0,0,0,7226,0,0,0,30616,0,0,11059026
25,3,11059041,rs751216831,G,T,gnomAD Exomes,PASS,NA,ENST00000287766.4,p.Lys48Asn,p.Lys48Asn,c.144G>T,missense_variant,Conflicting interpretations of pathogenicity,847470,NA,1,251464,3.97671237234e-6,0,0,1,16252,0,0,0,34592,0,0,0,10080,0,0,0,18394,0,0,0,21646,0,0,0,113748,0,0,0,6136,0,0,0,30616,0,0,11059041
26,3,11059045,rs754493263,C,T,gnomAD Exomes,PASS,NA,ENST00000287766.4,p.Arg50Cys,p.Arg50Cys,c.148C>T,missense_variant,Uncertain significance,430183,NA,1,251458,3.97680726005e-6,0,0,0,16254,0,0,0,34590,0,0,0,10080,0,0,0,18394,0,0,0,21646,0,0,1,113742,0,0,0,6136,0,0,0,30616,0,0,11059045
27,3,11059046,rs766945941,G,A,gnomAD Exomes,PASS,NA,ENST00000287766.4,p.Arg50His,p.Arg50His,c.149G>A,missense_variant,Benign,935526,NA,3,251458,1.193042178017e-5,0,0,0,16254,0,0,3,34592,0,0,0,10080,0,0,0,18394,0,0,0,21642,0,0,0,113744,0,0,0,6136,0,0,0,30616,0,0,11059046
28,3,11059057,rs1017069383,C,T,gnomAD Exomes,PASS,NA,ENST00000287766.4,p.Leu54Phe,p.Leu54Phe,c.160C>T,missense_variant,Uncertain significance,1776362,NA,1,251464,3.97671237234e-6,0,0,1,16250,0,0,0,34592,0,0,0,10080,0,0,0,18394,0,0,0,21646,0,0,0,113750,0,0,0,6136,0,0,0,30616,0,0,11059057
29,3,11059125,rs779183994,A,C,gnomAD Exomes,PASS,NA,ENST00000287766.4,p.Lys76Asn,p.Lys76Asn,c.228A>C,missense_variant,NA,NA,NA,1,250932,3.98514338545e-6,0,0,1,16152,0,0,0,34578,0,0,0,10060,0,0,0,18390,0,0,0,21622,0,0,0,113392,0,0,0,6124,0,0,0,30614,0,0,11059125
30,3,11059126,rs772122812,A,G,gnomAD Exomes,PASS,NA,ENST00000287766.4,p.Asn77Asp,p.Asn77Asp,c.229A>G,missense_variant,NA,NA,NA,1,250914,3.98542927058e-6,0,0,0,16150,0,0,0,34578,0,0,0,10062,0,0,0,18390,0,0,0,21620,0,0,0,113374,0,0,0,6124,0,0,1,30616,0,0,11059126
31,3,11059540,rs1192885540,A,T,gnomAD Exomes,PASS,NA,ENST00000287766.4,p.Ile84Phe,p.Ile84Phe,c.250A>T,missense_variant,Uncertain significance,1899601,NA,1,251458,3.97680726005e-6,0,0,0,16254,0,0,0,34578,0,0,0,10076,0,0,0,18394,0,0,0,21642,0,0,1,113758,0,0,0,6140,0,0,0,30616,0,0,11059540
32,3,11059549,rs750214635,T,C,"gnomAD Exomes,gnomAD Genomes",PASS,PASS,ENST00000287766.4,p.Phe87Leu,p.Phe87Leu,c.259T>C,missense_variant,NA,NA,NA,19,282832,6.71776885218e-5,0,0,0,24958,0,0,0,35426,0,0,0,10366,0,0,0,19950,0,0,19,25118,0,0,0,129174,0,0,0,7224,0,0,0,30616,0,0,11059549
33,3,11059561,rs758250115,A,G,"gnomAD Exomes,gnomAD Genomes",PASS,PASS,ENST00000287766.4,p.Ile91Val,p.Ile91Val,c.271A>G,missense_variant,Likely benign,640001,NA,3,282786,1.06087288621e-5,0,0,1,24948,0,0,0,35426,0,0,0,10366,0,0,1,19954,0,0,0,25120,0,0,1,129130,0,0,0,7226,0,0,0,30616,0,0,11059561
34,3,11060301,rs1405955067,G,T,gnomAD Exomes,PASS,NA,ENST00000287766.4,p.Ala130Ser,p.Ala130Ser,c.388G>T,missense_variant,NA,NA,NA,1,251292,3.97943428362e-6,0,0,0,16236,0,0,0,34572,0,0,0,10074,0,0,0,18392,0,0,0,21634,0,0,1,113644,0,0,0,6134,0,0,0,30606,0,0,11060301
35,3,11060337,rs746202904,G,A,gnomAD Exomes,PASS,NA,ENST00000287766.4,p.Val142Ile,p.Val142Ile,c.424G>A,missense_variant,Likely benign,1160643,NA,6,251410,2.38653991488e-5,0,0,0,16250,0,0,0,34582,0,0,0,10080,0,0,1,18394,0,0,1,21640,0,0,4,113712,0,0,0,6138,0,0,0,30614,0,0,11060337
36,3,11060380,rs758882006,C,A,gnomAD Exomes,PASS,NA,ENST00000287766.4,p.Thr156Asn,p.Thr156Asn,c.467C>A,missense_variant,Uncertain significance,2265629,NA,2,251238,7.96057921174e-6,0,0,0,16228,0,0,0,34550,0,0,0,10070,0,0,0,18392,0,0,0,21626,0,0,2,113634,0,0,0,6132,0,0,0,30606,0,0,11060380
37,3,11060383,rs1436116601,C,T,"gnomAD Exomes,gnomAD Genomes",PASS,PASS,ENST00000287766.4,p.Thr157Met,p.Thr157Met,c.470C>T,missense_variant,Uncertain significance,2194989,NA,5,282560,1.769535673839e-5,0,0,0,24942,0,0,0,35398,0,0,0,10362,0,0,1,19954,0,0,0,25078,0,0,4,129012,0,0,0,7218,0,0,0,30596,0,0,11060383
38,3,11061899,rs1167973007,A,C,gnomAD Exomes,PASS,NA,ENST00000287766.4,p.Thr158Pro,p.Thr158Pro,c.472A>C,missense_variant,NA,NA,NA,2,248470,8.04926148025e-6,0,0,0,15866,0,0,2,34372,0,0,0,10012,0,0,0,18342,0,0,0,21124,0,0,0,112648,0,0,0,6094,0,0,0,30012,0,0,11061899
39,3,11061920,rs748779390,G,T,"gnomAD Exomes,gnomAD Genomes",PASS,PASS,ENST00000287766.4,p.Asp165Tyr,p.Asp165Tyr,c.493G>T,missense_variant,NA,NA,NA,31,281746,1.1002818141162e-4,0,0,0,24830,0,0,0,35358,0,0,0,10340,0,0,0,19930,0,0,28,24860,0,0,3,128832,0,0,0,7200,0,0,0,30396,0,0,11061920
40,3,11061920,rs748779390,G,A,gnomAD Exomes,PASS,NA,ENST00000287766.4,p.Asp165Asn,p.Asp165Asn,c.493G>A,missense_variant,Likely benign,475484,NA,2,250356,7.98862419914e-6,0,0,0,16120,0,0,0,34510,0,0,0,10050,0,0,0,18372,0,0,0,21384,0,0,1,113404,0,0,0,6120,0,0,1,30396,0,0,11061920
41,3,11061926,rs1226863842,C,T,gnomAD Exomes,PASS,NA,ENST00000287766.4,p.Pro167Ser,p.Pro167Ser,c.499C>T,missense_variant,NA,NA,NA,1,250608,3.99029560109e-6,0,0,1,16156,0,0,0,34526,0,0,0,10056,0,0,0,18384,0,0,0,21442,0,0,0,113490,0,0,0,6124,0,0,0,30430,0,0,11061926
42,3,11061941,rs778818301,C,T,"gnomAD Exomes,gnomAD Genomes",PASS,PASS,ENST00000287766.4,p.Arg172Cys,p.Arg172Cys,c.514C>T,missense_variant,Likely benign,1091626,NA,6,281944,2.128082172346e-5,0,0,0,24858,0,0,0,35364,0,0,0,10350,0,0,0,19934,0,0,0,24948,0,0,6,128882,0,0,0,7214,0,0,0,30394,0,0,11061941
43,3,11061942,rs745810197,G,A,gnomAD Exomes,PASS,NA,ENST00000287766.4,p.Arg172His,p.Arg172His,c.515G>A,missense_variant,NA,NA,NA,5,250548,1.995625588709e-5,0,0,0,16146,0,0,0,34504,0,0,0,10056,0,0,1,18388,0,0,0,21474,0,0,0,113468,0,0,1,6124,0,0,3,30388,0,0,11061942
44,3,11061948,rs771708976,T,A,gnomAD Exomes,PASS,NA,ENST00000287766.4,p.Phe174Tyr,p.Phe174Tyr,c.521T>A,missense_variant,NA,NA,NA,7,250504,2.794366557021e-5,0,0,0,16130,0,0,0,34510,0,0,0,10050,0,0,0,18388,0,0,0,21490,0,0,6,113454,0,0,1,6126,0,0,0,30356,0,0,11061948
45,3,11061960,rs1291289201,G,A,gnomAD Exomes,PASS,NA,ENST00000287766.4,p.Ser178Asn,p.Ser178Asn,c.533G>A,missense_variant,NA,NA,NA,1,250092,3.99852854149e-6,0,0,0,16070,0,0,0,34466,0,0,0,10042,0,0,0,18382,0,0,0,21448,0,0,1,113300,0,0,0,6120,0,0,0,30264,0,0,11061960
46,3,11061962,rs34299874,A,G,"gnomAD Exomes,gnomAD Genomes",PASS,PASS,ENST00000536032.1,p.Met1?,p.Met1?,c.1A>G,start_lost,Benign,475486,NA,813,281492,0.00288818154690008,8,0,743,24750,8,0,55,35322,0,0,0,10340,0,0,0,19938,0,0,0,24930,0,0,5,128756,0,0,9,7206,0,0,1,30250,0,0,11061962
47,3,11061962,rs34299874,A,T,gnomAD Exomes,PASS,NA,ENST00000536032.1,p.Met1?,p.Met1?,c.1A>T,start_lost,Likely benign,1054920,NA,1,250100,3.99840063974e-6,0,0,0,16038,0,0,0,34474,0,0,0,10050,0,0,0,18378,0,0,0,21460,0,0,1,113328,0,0,0,6122,0,0,0,30250,0,0,11061962
48,3,11061968,rs1225181134,A,G,gnomAD Exomes,PASS,NA,ENST00000287766.4,p.Asn181Asp,p.Asn181Asp,c.541A>G,missense_variant,NA,NA,NA,1,249768,4.00371544793e-6,0,0,0,16014,0,0,0,34436,0,0,0,10024,0,0,0,18364,0,0,0,21406,0,0,0,113226,0,0,0,6112,0,0,1,30186,0,0,11061968
49,3,11061970,rs1437236428,C,A,gnomAD Genomes,NA,PASS,ENST00000287766.4,p.Asn181Lys,p.Asn181Lys,c.543C>A,missense_variant,Uncertain significance,1747531,NA,1,31398,3.184916236702e-5,0,0,1,8712,0,0,0,848,0,0,0,290,0,0,0,1560,0,0,0,3474,0,0,0,15428,0,0,0,1086,0,0,0,0,0,0,11061970
50,3,11061972,rs1157699026,C,G,gnomAD Genomes,NA,PASS,ENST00000287766.4,p.Thr182Ser,p.Thr182Ser,c.545C>G,missense_variant,NA,NA,NA,2,31394,6.370644072115e-5,0,0,0,8708,0,0,0,848,0,0,0,290,0,0,0,1560,0,0,2,3474,0,0,0,15428,0,0,0,1086,0,0,0,0,0,0,11061972
51,3,11064023,rs769934894,C,T,gnomAD Exomes,PASS,NA,ENST00000287766.4,p.Arg195Cys,p.Arg195Cys,c.583C>T,missense_variant,Likely benign,1327407,NA,2,250550,7.982438635e-6,0,0,0,16246,0,0,0,34476,0,0,0,10022,0,0,0,18388,0,0,0,21608,0,0,2,113270,0,0,0,6110,0,0,0,30430,0,0,11064023
52,3,11064024,rs773445048,G,A,"gnomAD Exomes,gnomAD Genomes",PASS,PASS,ENST00000287766.4,p.Arg195His,p.Arg195His,c.584G>A,missense_variant,Benign,659564,NA,5,282128,1.772245222026e-5,0,0,3,24964,0,0,0,35322,0,0,0,10346,0,0,1,19940,0,0,0,25086,0,0,1,128792,0,0,0,7198,0,0,0,30480,0,0,11064024
53,3,11064029,rs1031299891,A,T,gnomAD Exomes,PASS,NA,ENST00000287766.4,p.Met197Leu,p.Met197Leu,c.589A>T,missense_variant,NA,NA,NA,1,250988,3.98425422729e-6,0,0,1,16236,0,0,0,34528,0,0,0,10070,0,0,0,18388,0,0,0,21626,0,0,0,113478,0,0,0,6126,0,0,0,30536,0,0,11064029
54,3,11064046,rs146894194,C,G,gnomAD Exomes,PASS,NA,ENST00000287766.4,p.Asp202Glu,p.Asp202Glu,c.606C>G,missense_variant,Conflicting interpretations of pathogenicity,1165197,NA,5,250970,1.992269992429e-5,0,0,0,16228,0,0,1,34536,0,0,0,10066,0,0,0,18384,0,0,0,21620,0,0,2,113462,0,0,0,6116,0,0,2,30558,0,0,11064046
55,3,11064056,rs375623402,A,G,"gnomAD Exomes,gnomAD Genomes",PASS,PASS,ENST00000287766.4,p.Lys206Glu,p.Lys206Glu,c.616A>G,missense_variant,Benign/Likely benign,844522,NA,10,282298,3.542355950095e-5,0,0,10,24900,0,0,0,35368,0,0,0,10354,0,0,0,19932,0,0,0,25052,0,0,0,128916,0,0,0,7208,0,0,0,30568,0,0,11064056
56,3,11064058,rs761767066,G,T,gnomAD Exomes,PASS,NA,ENST00000287766.4,p.Lys206Asn,p.Lys206Asn,c.618G>T,missense_variant,NA,NA,NA,1,250802,3.98720903342e-6,0,0,0,16178,0,0,0,34524,0,0,0,10062,0,0,0,18368,0,0,0,21554,0,0,1,113424,0,0,0,6120,0,0,0,30572,0,0,11064058
57,3,11064071,rs756927822,C,T,gnomAD Exomes,PASS,NA,ENST00000287766.4,p.Arg211Cys,p.Arg211Cys,c.631C>T,missense_variant,Uncertain significance,1714623,NA,1,249468,4.00853015216e-6,0,0,0,15892,0,0,0,34444,0,0,0,10044,0,0,0,18322,0,0,0,21430,0,0,1,112750,0,0,0,6058,0,0,0,30528,0,0,11064071
58,3,11064098,rs754749693,A,T,gnomAD Exomes,PASS,NA,ENST00000287766.4,p.Ile220Phe,p.Ile220Phe,c.658A>T,missense_variant,NA,NA,NA,1,249202,4.01280888596e-6,0,0,0,16052,0,0,1,34408,0,0,0,10028,0,0,0,18296,0,0,0,21452,0,0,0,112634,0,0,0,6082,0,0,0,30250,0,0,11064098
59,3,11064098,rs754749693,A,G,gnomAD Exomes,PASS,NA,ENST00000287766.4,p.Ile220Val,p.Ile220Val,c.658A>G,missense_variant,Likely benign,573328,NA,2,249202,8.02561777192e-6,0,0,0,16052,0,0,2,34408,0,0,0,10028,0,0,0,18296,0,0,0,21452,0,0,0,112634,0,0,0,6082,0,0,0,30250,0,0,11064098
60,3,11064099,rs1343956853,T,A,gnomAD Exomes,PASS,NA,ENST00000287766.4,p.Ile220Asn,p.Ile220Asn,c.659T>A,missense_variant,NA,NA,NA,1,249242,4.01216488392e-6,0,0,0,16054,0,0,0,34410,0,0,0,10030,0,0,0,18304,0,0,0,21458,0,0,1,112648,0,0,0,6078,0,0,0,30260,0,0,11064099
61,3,11064101,rs558678747,G,A,gnomAD Exomes,PASS,NA,ENST00000287766.4,p.Ala221Thr,p.Ala221Thr,c.661G>A,missense_variant,NA,NA,NA,1,248744,4.02019747209e-6,0,0,1,16026,0,0,0,34358,0,0,0,10012,0,0,0,18274,0,0,0,21412,0,0,0,112388,0,0,0,6074,0,0,0,30200,0,0,11064101
62,3,11064102,rs773620829,C,T,gnomAD Exomes,PASS,NA,ENST00000287766.4,p.Ala221Val,p.Ala221Val,c.662C>T,missense_variant,NA,NA,NA,1,248918,4.01738725202e-6,0,0,0,16044,0,0,0,34380,0,0,0,10018,0,0,0,18288,0,0,0,21440,0,0,1,112462,0,0,0,6082,0,0,0,30204,0,0,11064102
63,3,11067139,rs1184399068,T,C,gnomAD Exomes,PASS,NA,ENST00000287766.4,p.Val240Ala,p.Val240Ala,c.719T>C,missense_variant,Uncertain significance,849973,NA,1,250568,3.99093260113e-6,0,0,0,16252,0,0,0,34518,0,0,0,10030,0,0,0,18378,0,0,0,21622,0,0,1,113088,0,0,0,6110,0,0,0,30570,0,0,11067139
64,3,11067144,rs1399297934,T,G,"gnomAD Exomes,gnomAD Genomes",PASS,PASS,ENST00000287766.4,p.Phe242Val,p.Phe242Val,c.724T>G,missense_variant,NA,NA,NA,2,282106,7.08953372136e-6,0,0,0,24954,0,0,0,35376,0,0,0,10326,0,0,0,19942,0,0,0,25108,0,0,2,128618,0,0,0,7206,0,0,0,30576,0,0,11067144
65,3,11067157,rs929193466,A,G,gnomAD Exomes,PASS,NA,ENST00000287766.4,p.Tyr246Cys,p.Tyr246Cys,c.737A>G,missense_variant,NA,NA,NA,1,250918,3.98536573701e-6,0,0,0,16252,0,0,0,34546,0,0,1,10068,0,0,0,18382,0,0,0,21636,0,0,0,113326,0,0,0,6124,0,0,0,30584,0,0,11067157
66,3,11067189,rs752750805,C,T,gnomAD Exomes,PASS,NA,ENST00000287766.4,p.Arg257Cys,p.Arg257Cys,c.769C>T,missense_variant,Uncertain significance,1502071,NA,6,251328,2.387318563789e-5,0,0,0,16252,0,0,1,34576,0,0,0,10076,0,0,0,18394,0,0,0,21638,0,0,4,113642,0,0,0,6138,0,0,1,30612,0,0,11067189
67,3,11067190,rs536009666,G,A,"gnomAD Exomes,gnomAD Genomes",PASS,PASS,ENST00000287766.4,p.Arg257His,p.Arg257His,c.770G>A,missense_variant,Uncertain significance,1760258,NA,3,282738,1.061052988986e-5,0,0,1,24960,0,0,0,35424,0,0,1,10366,0,0,0,19950,0,0,0,25112,0,0,1,129092,0,0,0,7224,0,0,0,30610,0,0,11067190
68,3,11067199,rs777446246,C,T,"gnomAD Exomes,gnomAD Genomes",PASS,PASS,ENST00000287766.4,p.Thr260Met,p.Thr260Met,c.779C>T,missense_variant,Likely benign,1038355,NA,10,282760,3.536568114301e-5,0,0,2,24958,0,0,1,35424,0,0,0,10368,0,0,0,19946,0,0,1,25112,0,0,5,129118,0,0,1,7224,0,0,0,30610,0,0,11067199
69,3,11067249,rs377383740,C,T,"gnomAD Exomes,gnomAD Genomes",PASS,PASS,ENST00000287766.4,p.Arg277Cys,p.Arg277Cys,c.829C>T,missense_variant,Benign,1647116,NA,4,282628,1.415287940331e-5,0,0,1,24964,0,0,0,35408,0,0,0,10352,0,0,0,19950,0,0,0,25112,0,0,3,129012,0,0,0,7220,0,0,0,30610,0,0,11067249
70,3,11067249,rs377383740,C,A,gnomAD Exomes,PASS,NA,ENST00000287766.4,p.Arg277Ser,p.Arg277Ser,c.829C>A,missense_variant,Likely benign,1352072,NA,1,251240,3.98025792071e-6,0,0,0,16256,0,0,1,34560,0,0,0,10062,0,0,0,18392,0,0,0,21638,0,0,0,113590,0,0,0,6132,0,0,0,30610,0,0,11067249
71,3,11067250,rs752396911,G,C,gnomAD Exomes,PASS,NA,ENST00000287766.4,p.Arg277Pro,p.Arg277Pro,c.830G>C,missense_variant,NA,NA,NA,1,251234,3.9803529777e-6,0,0,0,16252,0,0,1,34564,0,0,0,10064,0,0,0,18394,0,0,0,21638,0,0,0,113596,0,0,0,6130,0,0,0,30596,0,0,11067250
72,3,11067250,rs752396911,G,T,gnomAD Exomes,PASS,NA,ENST00000287766.4,p.Arg277Leu,p.Arg277Leu,c.830G>T,missense_variant,NA,NA,NA,4,251234,1.59214119108e-5,0,0,0,16252,0,0,0,34564,0,0,0,10064,0,0,0,18394,0,0,0,21638,0,0,0,113596,0,0,0,6130,0,0,4,30596,0,0,11067250
73,3,11067250,rs752396911,G,A,"gnomAD Exomes,gnomAD Genomes",PASS,PASS,ENST00000287766.4,p.Arg277His,p.Arg277His,c.830G>A,missense_variant,Conflicting interpretations of pathogenicity,433100,NA,12,282612,4.246104199397e-5,0,0,1,24956,0,0,2,35410,0,0,0,10354,0,0,2,19952,0,0,0,25112,0,0,6,129014,0,0,0,7218,0,0,1,30596,0,0,11067250
74,3,11067259,rs752628074,C,G,gnomAD Exomes,PASS,NA,ENST00000287766.4,p.Ser280Cys,p.Ser280Cys,c.839C>G,missense_variant,NA,NA,NA,2,251164,7.96292462295e-6,0,0,0,16256,0,0,0,34562,0,0,0,10054,0,0,0,18394,0,0,0,21632,0,0,0,113534,0,0,0,6126,0,0,2,30606,0,0,11067259
75,3,11067459,NA,G,A,gnomAD Exomes,PASS,NA,ENST00000287766.4,p.Val284Met,p.Val284Met,c.850G>A,missense_variant,NA,NA,NA,1,251446,3.97699704906e-6,0,0,0,16256,0,0,0,34586,0,0,0,10080,0,0,0,18394,0,0,0,21636,0,0,1,113744,0,0,0,6136,0,0,0,30614,0,0,11067459
76,3,11067487,rs750584676,T,G,gnomAD Exomes,PASS,NA,ENST00000287766.4,p.Phe293Cys,p.Phe293Cys,c.878T>G,missense_variant,NA,NA,NA,1,251468,3.97664911638e-6,0,0,0,16256,0,0,0,34586,0,0,0,10080,0,0,0,18394,0,0,0,21634,0,0,1,113764,0,0,0,6138,0,0,0,30616,0,0,11067487
77,3,11067538,rs896013015,A,G,"gnomAD Exomes,gnomAD Genomes",PASS,PASS,ENST00000287766.4,p.Asn310Ser,p.Asn310Ser,c.929A>G,missense_variant,Likely benign,848906,NA,8,282670,2.830155304772e-5,0,0,1,24914,0,0,4,35432,0,0,3,10368,0,0,0,19946,0,0,0,25084,0,0,0,129096,0,0,0,7214,0,0,0,30616,0,0,11067538
78,3,11067540,rs746489008,T,G,gnomAD Exomes,PASS,NA,ENST00000287766.4,p.Ser311Ala,p.Ser311Ala,c.931T>G,missense_variant,NA,NA,NA,1,251442,3.97706031609e-6,0,0,0,16256,0,0,0,34586,0,0,0,10080,0,0,1,18394,0,0,0,21610,0,0,0,113762,0,0,0,6138,0,0,0,30616,0,0,11067540
79,3,11067540,rs746489008,T,C,gnomAD Exomes,PASS,NA,ENST00000287766.4,p.Ser311Pro,p.Ser311Pro,c.931T>C,missense_variant,NA,NA,NA,1,251442,3.97706031609e-6,0,0,0,16256,0,0,0,34586,0,0,0,10080,0,0,0,18394,0,0,0,21610,0,0,1,113762,0,0,0,6138,0,0,0,30616,0,0,11067540
80,3,11067541,rs1013079805,C,G,gnomAD Genomes,NA,PASS,ENST00000287766.4,p.Ser311Cys,p.Ser311Cys,c.932C>G,missense_variant,NA,NA,NA,1,31388,3.185930929017e-5,0,0,1,8708,0,0,0,848,0,0,0,290,0,0,0,1556,0,0,0,3476,0,0,0,15426,0,0,0,1084,0,0,0,0,0,0,11067541
81,3,11067552,rs768276892,A,G,gnomAD Exomes,PASS,NA,ENST00000287766.4,p.Asn315Asp,p.Asn315Asp,c.943A>G,missense_variant,Uncertain significance,645782,NA,1,251404,3.97766145327e-6,0,0,0,16256,0,0,0,34580,0,0,0,10078,0,0,0,18394,0,0,0,21600,0,0,1,113748,0,0,0,6134,0,0,0,30614,0,0,11067552
82,3,11067558,rs1340885622,T,C,gnomAD Genomes,NA,PASS,ENST00000287766.4,p.Tyr317His,p.Tyr317His,c.949T>C,missense_variant,NA,NA,NA,1,31384,3.186336986999e-5,0,0,0,8710,0,0,0,848,0,0,0,290,0,0,0,1556,0,0,0,3474,0,0,1,15422,0,0,0,1084,0,0,0,0,0,0,11067558
83,3,11067928,rs143064740,A,G,"gnomAD Exomes,gnomAD Genomes",PASS,PASS,ENST00000287766.4,p.Ile321Val,p.Ile321Val,c.961A>G,missense_variant,NA,NA,NA,8,282366,2.833202297727e-5,0,0,3,24888,0,0,4,35406,0,0,0,10350,0,0,0,19938,0,0,0,25100,0,0,1,128884,0,0,0,7208,0,0,0,30592,0,0,11067928
84,3,11067933,rs757627416,C,G,gnomAD Exomes,PASS,NA,ENST00000287766.4,p.Ile322Met,p.Ile322Met,c.966C>G,missense_variant,NA,NA,NA,1,251244,3.9801945519e-6,0,0,0,16256,0,0,1,34566,0,0,0,10064,0,0,0,18394,0,0,0,21640,0,0,0,113606,0,0,0,6132,0,0,0,30586,0,0,11067933
85,3,11067934,rs1403165900,G,A,"gnomAD Exomes,gnomAD Genomes",PASS,PASS,ENST00000287766.4,p.Val323Ile,p.Val323Ile,c.967G>A,missense_variant,Conflicting interpretations of pathogenicity,521027,NA,2,282500,7.07964601769e-6,0,0,0,24934,0,0,0,35408,0,0,0,10354,0,0,0,19944,0,0,0,25108,0,0,2,128948,0,0,0,7210,0,0,0,30594,0,0,11067934
86,3,11067950,rs779431997,C,T,gnomAD Exomes,PASS,NA,ENST00000287766.4,p.Ser328Leu,p.Ser328Leu,c.983C>T,missense_variant,Uncertain significance,1045844,NA,1,251366,3.97826277221e-6,0,0,0,16256,0,0,0,34576,0,0,0,10074,0,0,0,18394,0,0,0,21646,0,0,0,113672,0,0,0,6134,0,0,1,30614,0,0,11067950
87,3,11067961,rs867226042,A,G,gnomAD Exomes,PASS,NA,ENST00000287766.4,p.Met332Val,p.Met332Val,c.994A>G,missense_variant,Benign,1361176,NA,3,251400,1.193317422434e-5,0,0,0,16256,0,0,0,34580,0,0,0,10074,0,0,0,18394,0,0,0,21644,0,0,3,113704,0,0,0,6134,0,0,0,30614,0,0,11067961
88,3,11067963,rs1320853236,G,A,gnomAD Exomes,PASS,NA,ENST00000287766.4,p.Met332Ile,p.Met332Ile,c.996G>A,missense_variant,Uncertain significance,1205387,NA,1,251392,3.97785132382e-6,0,0,1,16256,0,0,0,34580,0,0,0,10074,0,0,0,18394,0,0,0,21638,0,0,0,113700,0,0,0,6136,0,0,0,30614,0,0,11067963
89,3,11067963,rs1320853236,G,T,gnomAD Genomes,NA,PASS,ENST00000287766.4,p.Met332Ile,p.Met332Ile,c.996G>T,missense_variant,NA,NA,NA,1,31390,3.185727938834e-5,0,0,0,8712,0,0,0,848,0,0,0,290,0,0,0,1558,0,0,0,3474,0,0,1,15420,0,0,0,1088,0,0,0,0,0,0,11067963
90,3,11067967,rs749240316,G,A,gnomAD Exomes,PASS,NA,ENST00000287766.4,p.Ala334Thr,p.Ala334Thr,c.1000G>A,missense_variant,Likely pathogenic,656334,NA,1,251396,3.97778803163e-6,0,0,0,16254,0,0,0,34578,0,0,0,10076,0,0,0,18394,0,0,0,21638,0,0,1,113710,0,0,0,6134,0,0,0,30612,0,0,11067967
91,3,11067976,rs759289904,G,A,gnomAD Exomes,PASS,NA,ENST00000287766.4,p.Val337Ile,p.Val337Ile,c.1009G>A,missense_variant,Likely benign,1982057,NA,1,251376,3.97810451276e-6,0,0,0,16254,0,0,0,34576,0,0,0,10076,0,0,0,18392,0,0,0,21630,0,0,1,113696,0,0,0,6136,0,0,0,30616,0,0,11067976
92,3,11067988,rs772320700,A,G,gnomAD Exomes,PASS,NA,ENST00000287766.4,p.Ile341Val,p.Ile341Val,c.1021A>G,missense_variant,NA,NA,NA,1,251426,3.97731340434e-6,0,0,0,16256,0,0,0,34574,0,0,0,10076,0,0,0,18394,0,0,0,21644,0,0,1,113732,0,0,0,6136,0,0,0,30614,0,0,11067988
93,3,11068003,rs1467803020,G,T,gnomAD Exomes,PASS,NA,ENST00000287766.4,p.Ala346Ser,p.Ala346Ser,c.1036G>T,missense_variant,NA,NA,NA,1,251378,3.97807286238e-6,0,0,0,16256,0,0,0,34572,0,0,1,10072,0,0,0,18392,0,0,0,21632,0,0,0,113706,0,0,0,6134,0,0,0,30614,0,0,11068003
94,3,11068007,rs1370388144,A,G,gnomAD Exomes,PASS,NA,ENST00000287766.4,p.His347Arg,p.His347Arg,c.1040A>G,missense_variant,NA,NA,NA,2,251378,7.95614572476e-6,0,0,0,16256,0,0,0,34568,0,0,0,10074,0,0,0,18394,0,0,0,21638,0,0,0,113700,0,0,0,6136,0,0,2,30612,0,0,11068007
95,3,11068017,rs758737980,G,C,gnomAD Exomes,PASS,NA,ENST00000287766.4,p.Lys350Asn,p.Lys350Asn,c.1050G>C,missense_variant,NA,NA,NA,1,251328,3.97886427298e-6,0,0,1,16254,0,0,0,34568,0,0,0,10070,0,0,0,18394,0,0,0,21624,0,0,0,113676,0,0,0,6132,0,0,0,30610,0,0,11068017
96,3,11068025,rs752412616,T,C,gnomAD Exomes,PASS,NA,ENST00000287766.4,p.Ile353Thr,p.Ile353Thr,c.1058T>C,missense_variant,NA,NA,NA,1,251236,3.98032129153e-6,0,0,0,16252,0,0,1,34560,0,0,0,10062,0,0,0,18394,0,0,0,21624,0,0,0,113620,0,0,0,6126,0,0,0,30598,0,0,11068025
97,3,11068028,rs755552475,C,T,gnomAD Exomes,PASS,NA,ENST00000287766.4,p.Ala354Val,p.Ala354Val,c.1061C>T,missense_variant,NA,NA,NA,1,251104,3.98241366127e-6,0,0,0,16250,0,0,0,34548,0,0,0,10056,0,0,0,18392,0,0,0,21614,0,0,1,113548,0,0,0,6124,0,0,0,30572,0,0,11068028
98,3,11070465,rs1267625924,C,A,gnomAD Exomes,PASS,NA,ENST00000287766.4,p.Leu375Met,p.Leu375Met,c.1123C>A,missense_variant,NA,NA,NA,1,251420,3.97740832073e-6,0,0,0,16250,0,0,0,34580,0,0,0,10080,0,0,0,18394,0,0,0,21646,0,0,1,113720,0,0,0,6136,0,0,0,30614,0,0,11070465
99,3,11070471,rs141895429,A,G,gnomAD Exomes,PASS,NA,ENST00000287766.4,p.Ile377Val,p.Ile377Val,c.1129A>G,missense_variant,NA,NA,NA,1,251414,3.97750324166e-6,0,0,0,16252,0,0,0,34576,0,0,0,10080,0,0,0,18394,0,0,0,21640,0,0,1,113722,0,0,0,6136,0,0,0,30614,0,0,11070471
100,3,11070928,rs759515813,A,G,"gnomAD Exomes,gnomAD Genomes",PASS,PASS,ENST00000287766.4,p.Ile405Val,p.Ile405Val,c.1213A>G,missense_variant,Benign/Likely benign,567558,NA,5,275500,1.814882032667e-5,0,0,4,24202,0,0,0,34972,0,0,0,10186,0,0,0,19794,0,0,0,24068,0,0,1,125556,0,0,0,7086,0,0,0,29636,0,0,11070928
101,3,11070940,rs775746461,G,A,"gnomAD Exomes,gnomAD Genomes",PASS,PASS,ENST00000287766.4,p.Val409Met,p.Val409Met,c.1225G>A,missense_variant,NA,NA,NA,2,276996,7.22032087105e-6,0,0,1,24388,0,0,0,35064,0,0,0,10216,0,0,0,19844,0,0,0,24258,0,0,1,126332,0,0,0,7112,0,0,0,29782,0,0,11070940
102,3,11070943,rs1437275078,G,A,gnomAD Exomes,PASS,NA,ENST00000287766.4,p.Asp410Asn,p.Asp410Asn,c.1228G>A,missense_variant,NA,NA,NA,1,246056,4.0641154859e-6,0,0,0,15724,0,0,0,34254,0,0,0,9938,0,0,0,18304,0,0,0,20788,0,0,1,111164,0,0,0,6036,0,0,0,29848,0,0,11070943
103,3,11070958,rs112095333,C,A,"gnomAD Exomes,gnomAD Genomes",PASS,PASS,ENST00000287766.4,p.Leu415Ile,p.Leu415Ile,c.1243C>A,missense_variant,Benign/Likely benign,377065,NA,696,279090,0.00249381919810813,1,0,16,24624,0,0,46,35216,0,0,1,10288,0,0,0,19888,0,0,34,24430,0,0,576,127442,1,0,23,7158,0,0,0,30044,0,0,11070958
104,3,11070961,rs150117223,C,T,gnomAD Exomes,PASS,NA,ENST00000287766.4,p.Leu416Phe,p.Leu416Phe,c.1246C>T,missense_variant,NA,NA,NA,1,248242,4.02832719684e-6,0,0,1,15940,0,0,0,34422,0,0,0,10014,0,0,0,18352,0,0,0,21050,0,0,0,112294,0,0,0,6076,0,0,0,30094,0,0,11070961
105,3,11070964,rs774371133,C,T,gnomAD Exomes,PASS,NA,ENST00000287766.4,p.Arg417Cys,p.Arg417Cys,c.1249C>T,missense_variant,Likely benign,1605450,NA,2,248330,8.05379937985e-6,0,0,0,15976,0,0,0,34436,0,0,0,9998,0,0,0,18350,0,0,0,21066,0,0,2,112334,0,0,0,6070,0,0,0,30100,0,0,11070964
106,3,11070965,rs191293931,G,A,"gnomAD Exomes,gnomAD Genomes",PASS,PASS,ENST00000287766.4,p.Arg417His,p.Arg417His,c.1250G>A,missense_variant,Conflicting interpretations of pathogenicity,475469,NA,32,279870,1.1433880015721e-4,0,0,3,24708,0,0,8,35288,0,0,0,10300,0,0,0,19906,0,0,0,24552,0,0,13,127822,0,0,6,7150,0,0,2,30144,0,0,11070965
107,3,11070969,rs767605261,C,A,gnomAD Exomes,PASS,NA,ENST00000287766.4,p.Asn418Lys,p.Asn418Lys,c.1254C>A,missense_variant,NA,NA,NA,1,249146,4.01371083621e-6,0,0,0,16028,0,0,0,34470,0,0,0,10024,0,0,0,18368,0,0,0,21184,0,0,0,112746,0,0,0,6098,0,0,1,30228,0,0,11070969
108,3,11070970,rs910130675,C,T,"gnomAD Exomes,gnomAD Genomes",PASS,PASS,ENST00000287766.4,p.Arg419Cys,p.Arg419Cys,c.1255C>T,missense_variant,Uncertain significance,542202,NA,3,280544,1.069350975248e-5,0,0,0,24762,0,0,0,35316,0,0,0,10308,0,0,0,19914,0,0,1,24684,0,0,2,128156,0,0,0,7182,0,0,0,30222,0,0,11070970
109,3,11070971,rs941588071,G,A,"gnomAD Exomes,gnomAD Genomes",PASS,PASS,ENST00000287766.4,p.Arg419His,p.Arg419His,c.1256G>A,missense_variant,Benign,575017,NA,3,280372,1.070006990712e-5,0,0,1,24734,0,0,0,35328,0,0,0,10312,0,0,1,19908,0,0,0,24650,0,0,1,128030,0,0,0,7174,0,0,0,30236,0,0,11070971
110,3,11070991,rs755995055,G,A,gnomAD Exomes,PASS,NA,ENST00000287766.4,p.Ala426Thr,p.Ala426Thr,c.1276G>A,missense_variant,NA,NA,NA,1,250270,3.99568466056e-6,0,0,0,16186,0,0,0,34550,0,0,0,10052,0,0,0,18386,0,0,0,21286,0,0,1,113250,0,0,0,6112,0,0,0,30448,0,0,11070991
111,3,11071000,NA,A,G,gnomAD Exomes,PASS,NA,ENST00000287766.4,p.Ile429Val,p.Ile429Val,c.1285A>G,missense_variant,NA,NA,NA,1,250492,3.99214346166e-6,0,0,0,16198,0,0,0,34564,0,0,0,10064,0,0,0,18390,0,0,0,21308,0,0,1,113368,0,0,0,6114,0,0,0,30486,0,0,11071000
112,3,11071015,rs1308650414,A,T,gnomAD Genomes,NA,PASS,ENST00000287766.4,p.Ile434Phe,p.Ile434Phe,c.1300A>T,missense_variant,Benign,2158376,NA,1,31348,3.189996172004e-5,0,0,0,8700,0,0,0,848,0,0,0,290,0,0,0,1552,0,0,0,3470,0,0,0,15402,0,0,1,1086,0,0,0,0,0,0,11071015
113,3,11071017,rs200670508,C,G,"gnomAD Exomes,gnomAD Genomes",PASS,PASS,ENST00000287766.4,p.Ile434Met,p.Ile434Met,c.1302C>G,missense_variant,Uncertain significance,589804,NA,2,281800,7.09723207948e-6,0,0,0,24918,0,0,0,35410,0,0,0,10358,0,0,1,19950,0,0,0,24670,0,0,1,128770,0,0,0,7208,0,0,0,30516,0,0,11071017
114,3,11072863,rs747554856,G,A,gnomAD Exomes,PASS,NA,ENST00000287766.4,p.Gly442Arg,p.Gly442Arg,c.1324G>A,missense_variant,Likely pathogenic,2412946,NA,1,251124,3.98209649416e-6,0,0,0,16254,0,0,0,34484,0,0,0,10074,0,0,0,18376,0,0,0,21574,0,0,1,113672,0,0,0,6132,0,0,0,30558,0,0,11072863
115,3,11072881,rs1250989201,A,C,gnomAD Exomes,PASS,NA,ENST00000287766.4,p.Lys448Gln,p.Lys448Gln,c.1342A>C,missense_variant,NA,NA,NA,1,251362,3.97832607951e-6,0,0,0,16252,0,0,0,34570,0,0,0,10080,0,0,0,18394,0,0,0,21598,0,0,1,113728,0,0,0,6134,0,0,0,30606,0,0,11072881
116,3,11072882,rs781635525,A,G,gnomAD Exomes,PASS,NA,ENST00000287766.4,p.Lys448Arg,p.Lys448Arg,c.1343A>G,missense_variant,Uncertain significance,947552,NA,2,251354,7.95690540035e-6,0,0,0,16250,0,0,0,34562,0,0,0,10080,0,0,1,18394,0,0,0,21598,0,0,1,113728,0,0,0,6134,0,0,0,30608,0,0,11072882
117,3,11072911,rs1431889531,A,G,gnomAD Genomes,NA,PASS,ENST00000287766.4,p.Met458Val,p.Met458Val,c.1372A>G,missense_variant,NA,NA,NA,1,31398,3.184916236702e-5,0,0,0,8712,0,0,0,848,0,0,0,290,0,0,0,1558,0,0,0,3474,0,0,1,15430,0,0,0,1086,0,0,0,0,0,0,11072911
118,3,11072948,rs745368415,C,G,gnomAD Exomes,PASS,NA,ENST00000287766.4,p.Ser470Cys,p.Ser470Cys,c.1409C>G,missense_variant,NA,NA,NA,2,250122,7.99609790422e-6,0,0,0,16176,0,0,0,34548,0,0,0,10056,0,0,0,18380,0,0,0,21154,0,0,2,113102,0,0,0,6120,0,0,0,30586,0,0,11072948
119,3,11072950,rs771617574,A,G,gnomAD Exomes,PASS,NA,ENST00000287766.4,p.Ile471Val,p.Ile471Val,c.1411A>G,missense_variant,NA,NA,NA,1,250058,3.99907221524e-6,0,0,0,16178,0,0,0,34536,0,0,0,10054,0,0,0,18376,0,0,0,21168,0,0,1,113048,0,0,0,6116,0,0,0,30582,0,0,11072950
120,3,11072965,rs1328806521,G,A,gnomAD Exomes,PASS,NA,ENST00000287766.4,p.Gly476Ser,p.Gly476Ser,c.1426G>A,missense_variant,Uncertain significance,1503078,NA,2,248312,8.05438319533e-6,0,0,0,16114,0,0,1,34468,0,0,0,10036,0,0,0,18366,0,0,0,20372,0,0,0,112316,0,0,0,6094,0,0,1,30546,0,0,11072965
121,3,11075331,rs778641975,A,G,gnomAD Exomes,PASS,NA,ENST00000287766.4,p.Asn478Ser,p.Asn478Ser,c.1433A>G,missense_variant,NA,NA,NA,1,250710,3.98867217103e-6,0,0,0,16256,0,0,0,34450,0,0,0,10024,0,0,1,18370,0,0,0,21614,0,0,0,113394,0,0,0,6116,0,0,0,30486,0,0,11075331
122,3,11075334,rs771439149,G,A,gnomAD Exomes,PASS,NA,ENST00000287766.4,p.Arg479Gln,p.Arg479Gln,c.1436G>A,missense_variant,Conflicting interpretations of pathogenicity,542200,NA,18,250786,7.177434147041e-5,0,0,1,16256,0,0,9,34436,0,0,0,10034,0,0,0,18372,0,0,0,21620,0,0,7,113422,0,0,1,6118,0,0,0,30528,0,0,11075334
123,3,11075340,rs746543984,A,T,gnomAD Exomes,PASS,NA,ENST00000287766.4,p.Tyr481Phe,p.Tyr481Phe,c.1442A>T,missense_variant,NA,NA,NA,1,251058,3.98314333739e-6,0,0,1,16256,0,0,0,34494,0,0,0,10054,0,0,0,18378,0,0,0,21638,0,0,0,113556,0,0,0,6124,0,0,0,30558,0,0,11075340
124,3,11075346,rs1389988481,A,G,gnomAD Exomes,PASS,NA,ENST00000287766.4,p.Asn483Ser,p.Asn483Ser,c.1448A>G,missense_variant,NA,NA,NA,1,251180,3.98120869495e-6,0,0,0,16256,0,0,0,34512,0,0,0,10062,0,0,0,18380,0,0,0,21638,0,0,1,113634,0,0,0,6126,0,0,0,30572,0,0,11075346
125,3,11075389,rs768612248,A,T,gnomAD Exomes,PASS,NA,ENST00000287766.4,p.Lys497Asn,p.Lys497Asn,c.1491A>T,missense_variant,NA,NA,NA,2,251330,7.95766522102e-6,0,0,0,16256,0,0,0,34532,0,0,0,10072,0,0,0,18386,0,0,0,21646,0,0,2,113710,0,0,0,6132,0,0,0,30596,0,0,11075389
126,3,11075403,rs1173232160,T,A,gnomAD Exomes,PASS,NA,ENST00000287766.4,p.Phe502Tyr,p.Phe502Tyr,c.1505T>A,missense_variant,NA,NA,NA,1,251288,3.97949762821e-6,0,0,0,16256,0,0,0,34510,0,0,0,10070,0,0,1,18392,0,0,0,21646,0,0,0,113696,0,0,0,6134,0,0,0,30584,0,0,11075403
127,3,11075414,rs529455113,A,G,"gnomAD Exomes,gnomAD Genomes",PASS,PASS,ENST00000287766.4,p.Ile506Val,p.Ile506Val,c.1516A>G,missense_variant,Likely benign,655599,NA,4,282562,1.415618519121e-5,0,0,1,24964,0,0,3,35350,0,0,0,10350,0,0,0,19942,0,0,0,25116,0,0,0,129066,0,0,0,7214,0,0,0,30560,0,0,11075414
128,3,11075424,rs769577441,C,T,gnomAD Exomes,PASS,NA,ENST00000287766.4,p.Ala509Val,p.Ala509Val,c.1526C>T,missense_variant,Uncertain significance,1032109,NA,7,250704,2.792137341247e-5,0,0,0,16254,0,0,0,34462,0,0,0,10014,0,0,0,18386,0,0,0,21614,0,0,7,113414,0,0,0,6110,0,0,0,30450,0,0,11075424
129,3,11076248,rs372892801,C,T,"gnomAD Exomes,gnomAD Genomes",PASS,PASS,ENST00000287766.4,p.Thr520Met,p.Thr520Met,c.1559C>T,missense_variant,Likely benign,1018313,NA,8,281912,2.837764976304e-5,0,0,3,24944,0,0,0,35410,0,0,0,10352,0,0,0,19946,0,0,0,25100,0,0,3,128358,0,0,0,7216,0,0,2,30586,0,0,11076248
130,3,11076293,rs774576588,G,T,gnomAD Exomes,PASS,NA,ENST00000287766.4,p.Gly535Val,p.Gly535Val,c.1604G>T,missense_variant,Uncertain significance,2070524,NA,10,251416,3.977471600852e-5,0,0,0,16256,0,0,1,34584,0,0,0,10078,0,0,0,18394,0,0,1,21646,0,0,8,113702,0,0,0,6140,0,0,0,30616,0,0,11076293
131,3,11076325,rs1470865311,G,T,gnomAD Exomes,PASS,NA,ENST00000287766.4,p.Val546Phe,p.Val546Phe,c.1636G>T,missense_variant,NA,NA,NA,1,251432,3.97721849247e-6,0,0,0,16256,0,0,0,34586,0,0,0,10080,0,0,0,18394,0,0,0,21646,0,0,1,113714,0,0,0,6140,0,0,0,30616,0,0,11076325
132,3,11076328,rs1424022379,C,T,gnomAD Exomes,PASS,NA,ENST00000287766.4,p.Leu547Phe,p.Leu547Phe,c.1639C>T,missense_variant,NA,NA,NA,1,251434,3.97718685619e-6,0,0,0,16256,0,0,1,34586,0,0,0,10080,0,0,0,18394,0,0,0,21646,0,0,0,113716,0,0,0,6140,0,0,0,30616,0,0,11076328
133,3,11076344,rs1368412515,T,C,gnomAD Exomes,PASS,NA,ENST00000287766.4,p.Met552Thr,p.Met552Thr,c.1655T>C,missense_variant,NA,NA,NA,1,251380,3.9780412125e-6,0,0,0,16256,0,0,0,34582,0,0,0,10080,0,0,0,18394,0,0,0,21646,0,0,1,113666,0,0,0,6140,0,0,0,30616,0,0,11076344
134,3,11076345,rs1429079016,G,A,gnomAD Exomes,PASS,NA,ENST00000287766.4,p.Met552Ile,p.Met552Ile,c.1656G>A,missense_variant,NA,NA,NA,1,251362,3.97832607951e-6,0,0,0,16256,0,0,0,34582,0,0,0,10080,0,0,0,18394,0,0,0,21646,0,0,1,113648,0,0,0,6140,0,0,0,30616,0,0,11076345
135,3,11076352,rs139846326,A,G,"gnomAD Exomes,gnomAD Genomes",PASS,PASS,ENST00000287766.4,p.Met555Val,p.Met555Val,c.1663A>G,missense_variant,Benign,956735,NA,16,282712,5.659469707688e-5,0,0,0,24956,0,0,0,35428,0,0,0,10370,0,0,0,19954,0,0,0,25120,0,0,16,129044,0,0,0,7224,0,0,0,30616,0,0,11076352
136,3,11076362,rs764687774,C,A,gnomAD Exomes,PASS,NA,ENST00000287766.4,p.Thr558Asn,p.Thr558Asn,c.1673C>A,missense_variant,Likely benign,1964651,NA,1,251126,3.98206478022e-6,0,0,0,16256,0,0,0,34580,0,0,0,10068,0,0,0,18394,0,0,0,21642,0,0,1,113454,0,0,0,6130,0,0,0,30602,0,0,11076362
137,3,11078549,rs767142926,G,A,gnomAD Exomes,PASS,NA,ENST00000287766.4,p.Arg566His,p.Arg566His,c.1697G>A,missense_variant,Conflicting interpretations of pathogenicity,624211,NA,1,250414,3.9933869512e-6,0,0,0,16246,0,0,0,34522,0,0,0,10032,0,0,0,18386,0,0,0,21640,0,0,1,112878,0,0,0,6114,0,0,0,30596,0,0,11078549
138,3,11078557,rs1193651446,G,A,gnomAD Exomes,PASS,NA,ENST00000287766.4,p.Val569Ile,p.Val569Ile,c.1705G>A,missense_variant,Likely benign,1420343,NA,1,250830,3.9867639437e-6,0,0,0,16254,0,0,0,34550,0,0,0,10048,0,0,0,18390,0,0,0,21646,0,0,1,113212,0,0,0,6120,0,0,0,30610,0,0,11078557
139,3,11078563,rs1310731669,G,A,gnomAD Genomes,NA,PASS,ENST00000287766.4,p.Val571Ile,p.Val571Ile,c.1711G>A,missense_variant,NA,NA,NA,1,31362,3.188572157387e-5,0,0,0,8694,0,0,1,848,0,0,0,290,0,0,0,1558,0,0,0,3474,0,0,0,15412,0,0,0,1086,0,0,0,0,0,0,11078563
140,3,11078564,rs1243585923,T,G,gnomAD Exomes,PASS,NA,ENST00000287766.4,p.Val571Gly,p.Val571Gly,c.1712T>G,missense_variant,NA,NA,NA,1,250966,3.9846034921e-6,0,0,0,16254,0,0,0,34552,0,0,0,10056,0,0,0,18392,0,0,0,21646,0,0,1,113328,0,0,0,6126,0,0,0,30612,0,0,11078564
141,3,11078567,rs1471788034,A,G,gnomAD Exomes,PASS,NA,ENST00000287766.4,p.Gln572Arg,p.Gln572Arg,c.1715A>G,missense_variant,NA,NA,NA,1,251022,3.98371457481e-6,0,0,0,16254,0,0,1,34548,0,0,0,10058,0,0,0,18390,0,0,0,21646,0,0,0,113386,0,0,0,6132,0,0,0,30608,0,0,11078567
142,3,11078569,rs760120415,C,A,gnomAD Exomes,PASS,NA,ENST00000287766.4,p.Pro573Thr,p.Pro573Thr,c.1717C>A,missense_variant,NA,NA,NA,1,250990,3.98422247898e-6,0,0,0,16254,0,0,0,34556,0,0,0,10058,0,0,0,18390,0,0,0,21646,0,0,1,113344,0,0,0,6130,0,0,0,30612,0,0,11078569
143,3,11078569,rs760120415,C,T,gnomAD Exomes,PASS,NA,ENST00000287766.4,p.Pro573Ser,p.Pro573Ser,c.1717C>T,missense_variant,Uncertain significance,1314467,NA,1,250990,3.98422247898e-6,0,0,0,16254,0,0,0,34556,0,0,0,10058,0,0,0,18390,0,0,0,21646,0,0,1,113344,0,0,0,6130,0,0,0,30612,0,0,11078569
144,3,11078573,rs1417306487,G,A,gnomAD Exomes,PASS,NA,ENST00000287766.4,p.Ser574Asn,p.Ser574Asn,c.1721G>A,missense_variant,Uncertain significance,1778775,NA,1,251128,3.9820330668e-6,0,0,0,16252,0,0,0,34556,0,0,0,10058,0,0,0,18390,0,0,0,21646,0,0,0,113482,0,0,0,6132,0,0,1,30612,0,0,11078573
145,3,11078574,rs145387062,C,G,gnomAD Exomes,PASS,NA,ENST00000287766.4,p.Ser574Arg,p.Ser574Arg,c.1722C>G,missense_variant,Likely benign,1020678,NA,2,251084,7.96546175781e-6,0,0,0,16252,0,0,0,34558,0,0,0,10058,0,0,0,18388,0,0,0,21646,0,0,2,113442,0,0,0,6130,0,0,0,30610,0,0,11078574
146,3,11078582,rs1167454463,T,C,gnomAD Exomes,PASS,NA,ENST00000287766.4,p.Ile577Thr,p.Ile577Thr,c.1730T>C,missense_variant,NA,NA,NA,1,251212,3.98070155884e-6,0,0,0,16252,0,0,0,34558,0,0,0,10058,0,0,1,18392,0,0,0,21646,0,0,0,113562,0,0,0,6130,0,0,0,30614,0,0,11078582
147,3,11078584,rs369359690,G,A,gnomAD Exomes,PASS,NA,ENST00000287766.4,p.Val578Ile,p.Val578Ile,c.1732G>A,missense_variant,Benign/Likely benign,833947,NA,8,251186,3.184890877676e-5,0,0,0,16252,0,0,0,34556,0,0,0,10054,0,0,0,18392,0,0,0,21646,0,0,8,113550,0,0,0,6126,0,0,0,30610,0,0,11078584
148,3,11078584,rs369359690,G,C,gnomAD Exomes,PASS,NA,ENST00000287766.4,p.Val578Leu,p.Val578Leu,c.1732G>C,missense_variant,Uncertain significance,376950,NA,1,251186,3.98111359709e-6,0,0,0,16252,0,0,0,34556,0,0,0,10054,0,0,1,18392,0,0,0,21646,0,0,0,113550,0,0,0,6126,0,0,0,30610,0,0,11078584
149,3,11078587,rs758338858,C,T,gnomAD Exomes,PASS,NA,ENST00000287766.4,p.Arg579Cys,p.Arg579Cys,c.1735C>T,missense_variant,NA,NA,NA,1,251184,3.98114529587e-6,0,0,0,16252,0,0,0,34556,0,0,0,10058,0,0,1,18394,0,0,0,21648,0,0,0,113538,0,0,0,6126,0,0,0,30612,0,0,11078587
150,3,11078588,rs780352868,G,A,gnomAD Exomes,PASS,NA,ENST00000287766.4,p.Arg579His,p.Arg579His,c.1736G>A,missense_variant,Uncertain significance,1779083,NA,3,251208,1.194229483137e-5,0,0,0,16252,0,0,2,34548,0,0,0,10058,0,0,0,18390,0,0,0,21646,0,0,1,113576,0,0,0,6128,0,0,0,30610,0,0,11078588
151,3,11078590,rs747243516,C,T,gnomAD Exomes,PASS,NA,ENST00000287766.4,p.Pro580Ser,p.Pro580Ser,c.1738C>T,missense_variant,Benign/Likely benign,568080,NA,16,251212,6.369122494148e-5,0,0,1,16250,0,0,3,34554,0,0,0,10058,0,0,0,18392,0,0,0,21648,0,0,12,113568,0,0,0,6130,0,0,0,30612,0,0,11078590
152,3,11078611,rs1334994331,C,G,gnomAD Exomes,PASS,NA,ENST00000287766.4,p.Pro587Ala,p.Pro587Ala,c.1759C>G,missense_variant,NA,NA,NA,1,251090,3.98263570831e-6,0,0,0,16242,0,0,0,34526,0,0,0,10056,0,0,0,18384,0,0,0,21642,0,0,0,113520,0,0,0,6114,0,0,1,30606,0,0,11078611
153,3,11078618,rs781158800,C,T,gnomAD Exomes,PASS,NA,ENST00000287766.4,p.Ala589Val,p.Ala589Val,c.1766C>T,missense_variant,Benign,1661382,NA,5,250970,1.992269992429e-5,0,0,0,16240,0,0,0,34500,0,0,0,10048,0,0,0,18384,0,0,1,21644,0,0,4,113436,0,0,0,6116,0,0,0,30602,0,0,11078618
154,3,11078625,rs956462752,C,G,gnomAD Exomes,PASS,NA,ENST00000287766.4,p.Ser591Arg,p.Ser591Arg,c.1773C>G,missense_variant,Uncertain significance,998411,NA,1,250998,3.9840954908e-6,0,0,0,16238,0,0,0,34536,0,0,0,10048,0,0,0,18386,0,0,0,21638,0,0,1,113434,0,0,0,6112,0,0,0,30606,0,0,11078625
155,3,11078633,rs773826417,G,C,gnomAD Exomes,PASS,NA,ENST00000287766.4,p.Ser594Thr,p.Ser594Thr,c.1781G>C,missense_variant,NA,NA,NA,2,250960,7.96939751354e-6,0,0,0,16226,0,0,0,34538,0,0,0,10048,0,0,0,18386,0,0,0,21634,0,0,0,113408,0,0,0,6112,0,0,2,30608,0,0,11078633
156,3,11078639,rs142428144,A,G,"gnomAD Exomes,gnomAD Genomes",PASS,PASS,ENST00000287766.4,p.Glu596Gly,p.Glu596Gly,c.1787A>G,missense_variant,Uncertain significance,1313225,NA,2,282212,7.08687086303e-6,0,0,2,24924,0,0,0,35378,0,0,0,10326,0,0,0,19938,0,0,0,25100,0,0,0,128746,0,0,0,7194,0,0,0,30606,0,0,11078639
157,3,11078645,rs1258130231,A,G,"gnomAD Exomes,gnomAD Genomes",PASS,PASS,ENST00000287766.4,p.Tyr598Cys,p.Tyr598Cys,c.1793A>G,missense_variant,Uncertain significance,1517524,NA,2,281958,7.09325502379e-6,0,0,0,24912,0,0,1,35354,0,0,0,10316,0,0,0,19942,0,0,0,25078,0,0,1,128570,0,0,0,7186,0,0,0,30600,0,0,11078645
158,3,11078647,rs566659046,A,G,gnomAD Exomes,PASS,NA,ENST00000287766.4,p.Ile599Val,p.Ile599Val,c.1795A>G,missense_variant,Benign,1354090,NA,1,250452,3.99278105185e-6,0,0,1,16200,0,0,0,34500,0,0,0,10020,0,0,0,18380,0,0,0,21588,0,0,0,113074,0,0,0,6090,0,0,0,30600,0,0,11078647
